--
-- PostgreSQL database dump
--

\restrict NtP6EtIY7UkdmL9rsG5j6veQta4H9PoQgXzDbOK7keJorR9b2aC9CohbCf5D50T

-- Dumped from database version 14.19 (Ubuntu 14.19-0ubuntu0.22.04.1)
-- Dumped by pg_dump version 14.19 (Ubuntu 14.19-0ubuntu0.22.04.1)

SET statement_timeout = 0;
SET lock_timeout = 0;
SET idle_in_transaction_session_timeout = 0;
SET client_encoding = 'UTF8';
SET standard_conforming_strings = on;
SELECT pg_catalog.set_config('search_path', '', false);
SET check_function_bodies = false;
SET xmloption = content;
SET client_min_messages = warning;
SET row_security = off;

--
-- Name: public; Type: SCHEMA; Schema: -; Owner: postgres
--

CREATE SCHEMA public;


ALTER SCHEMA public OWNER TO postgres;

--
-- Name: SCHEMA public; Type: COMMENT; Schema: -; Owner: postgres
--

COMMENT ON SCHEMA public IS 'standard public schema';


SET default_tablespace = '';

SET default_table_access_method = heap;

--
-- Name: consumer; Type: TABLE; Schema: public; Owner: admin
--

CREATE TABLE public.consumer (
    id bigint NOT NULL,
    address character varying(255),
    cruddatetime timestamp(6) without time zone,
    description character varying(255),
    mail character varying(255),
    name character varying(255),
    phone bigint,
    surname character varying(255)
);


ALTER TABLE public.consumer OWNER TO admin;

--
-- Name: consumer_id_seq; Type: SEQUENCE; Schema: public; Owner: admin
--

ALTER TABLE public.consumer ALTER COLUMN id ADD GENERATED BY DEFAULT AS IDENTITY (
    SEQUENCE NAME public.consumer_id_seq
    START WITH 1
    INCREMENT BY 1
    NO MINVALUE
    NO MAXVALUE
    CACHE 1
);


--
-- Name: login; Type: TABLE; Schema: public; Owner: admin
--

CREATE TABLE public.login (
    id bigint NOT NULL,
    password character varying(255) NOT NULL,
    username character varying(255) NOT NULL
);


ALTER TABLE public.login OWNER TO admin;

--
-- Name: login_id_seq; Type: SEQUENCE; Schema: public; Owner: admin
--

ALTER TABLE public.login ALTER COLUMN id ADD GENERATED BY DEFAULT AS IDENTITY (
    SEQUENCE NAME public.login_id_seq
    START WITH 1
    INCREMENT BY 1
    NO MINVALUE
    NO MAXVALUE
    CACHE 1
);


--
-- Name: product; Type: TABLE; Schema: public; Owner: admin
--

CREATE TABLE public.product (
    id bigint NOT NULL,
    amount bigint,
    barcode character varying(255),
    city_enum character varying(255),
    collection character varying(255),
    color character varying(255),
    createddatetime timestamp(6) without time zone,
    name character varying(255),
    prize double precision,
    updatedatetime timestamp(6) without time zone,
    CONSTRAINT product_city_enum_check CHECK (((city_enum)::text = ANY ((ARRAY['EryamangimsaOutlet'::character varying, 'AntepOutlet'::character varying, 'KirikkaleOutlet'::character varying, 'VanOutlet'::character varying, 'KilicayToptan'::character varying, 'IsiklarToptan'::character varying])::text[])))
);


ALTER TABLE public.product OWNER TO admin;

--
-- Name: product_id_seq; Type: SEQUENCE; Schema: public; Owner: admin
--

ALTER TABLE public.product ALTER COLUMN id ADD GENERATED BY DEFAULT AS IDENTITY (
    SEQUENCE NAME public.product_id_seq
    START WITH 1
    INCREMENT BY 1
    NO MINVALUE
    NO MAXVALUE
    CACHE 1
);


--
-- Name: transaction_log; Type: TABLE; Schema: public; Owner: admin
--

CREATE TABLE public.transaction_log (
    id bigint NOT NULL,
    amount bigint,
    city_enum smallint,
    consumer_id bigint,
    created_date_time timestamp(6) without time zone,
    effecttype character varying(255),
    paymentenum smallint,
    product_id bigint,
    title character varying(255),
    discount bigint,
    CONSTRAINT transaction_log_city_enum_check CHECK (((city_enum >= 0) AND (city_enum <= 5))),
    CONSTRAINT transaction_log_effecttype_check CHECK (((effecttype)::text = ANY ((ARRAY['ADD'::character varying, 'DECREASE'::character varying, 'UPDATE'::character varying, 'OTHER'::character varying, 'SELL'::character varying, 'DELETE'::character varying])::text[]))),
    CONSTRAINT transaction_log_paymentenum_check CHECK (((paymentenum >= 0) AND (paymentenum <= 2)))
);


ALTER TABLE public.transaction_log OWNER TO admin;

--
-- Name: transaction_log_id_seq; Type: SEQUENCE; Schema: public; Owner: admin
--

ALTER TABLE public.transaction_log ALTER COLUMN id ADD GENERATED BY DEFAULT AS IDENTITY (
    SEQUENCE NAME public.transaction_log_id_seq
    START WITH 1
    INCREMENT BY 1
    NO MINVALUE
    NO MAXVALUE
    CACHE 1
);


--
-- Data for Name: consumer; Type: TABLE DATA; Schema: public; Owner: admin
--

COPY public.consumer (id, address, cruddatetime, description, mail, name, phone, surname) FROM stdin;
2		2025-10-04 09:36:18.263	SATIŞ		HACER"	5056405527	UZUNARSLAN
3		2025-10-04 13:52:21.357			tunadeneme1	5535434430	
4		2025-10-04 13:52:40.106			tunadeneme	5535434430	
5		2025-10-05 08:51:26.059			mehmet	5079475794	dal
6		2025-10-05 10:36:43.522			yunus 	5339545136	sabancı
7		2025-10-05 11:41:07.071			hatice	5312310623	demirçil
8		2025-10-05 16:53:24.841			ESRA	5448641851	CELİT
9		2025-10-05 16:54:32.531			SERMA	5412185178	KIROMLU
10		2025-10-05 16:58:25.441			METİTİ	5416270831	
11		2025-10-05 17:34:07.272			SİNAN 	5306405310	KORKMAZ
12		2025-10-05 18:41:31.784			ZELİHA 	5050186777	KARAOĞLAN 
13		2025-10-06 10:36:08.219			özlem	5368488096	konuk
14		2025-10-06 10:55:07.789			ALİ OSMAN 	5057084127	ERİŞ 
15		2025-10-06 13:35:00.931			ASİYE 	5056410516	BAŞPINAR
16		2025-10-06 13:53:21.011			DİLARA 	5415713252	HUYUGÜZEL 
17		2025-10-06 13:55:11.76			SEDA	5016342746	AVCI
18		2025-10-06 14:36:13.725			ŞEYMA	5442300524	KILIÇ
19		2025-10-07 08:49:16.011			hatice	5054969632	özel
20		2025-10-07 08:53:28.105			mahmut	5446219015	ünal
21		2025-10-07 09:45:22.079			selda	5527358659	yıldırım
22		2025-10-07 12:26:18.072			NAR 	5434137029	YEŞİLTAŞ 
23		2025-10-07 12:59:11.202			ALADDİN 	5076637272	GÖNÇ
24		2025-10-07 15:32:38.15			tugba nur 	5377878166	keskin
25		2025-10-07 18:16:52.447			yunus 	5550342713	seyidoğlu  
26		2025-10-07 18:42:49.361			mustafa 	5310127305	tatar 
27		2025-10-08 11:12:41.49			asım 	5322144407	özkara
28		2025-10-08 11:14:39.903			ASLI	5070873130	HANÇERLİ
29		2025-10-08 11:18:52.658			MEHMET CEMAL 	5444809128	YILDIRIM
30		2025-10-08 11:40:16.554			İNCİ ZEHRA	5309777480	GÖKDERE
31		2025-10-08 11:48:16.328			FADİME 	5053113033	KITIR
32		2025-10-08 12:49:04.437			GÜLSÜME 	5446335671	DEMİR
33		2025-10-08 13:57:32.073			gülay 	5363069829	akın
34		2025-10-08 16:32:23.153			rabia 	5071068627	taş
35		2025-10-08 16:39:56.81			METİN	5353943651	ESER 
36		2025-10-08 17:33:52.614			MEHMET SİNAN	5447730027	ŞAKZUCU 
37		2025-10-08 17:56:45.492			YASEMİN 	5055224920	GÖRDÜK 
38		2025-10-09 09:30:54.908			fevzi	5428117722	çakmak
39		2025-10-09 10:01:23.177			nur	5317187951	agzıbaglı
40		2025-10-09 13:15:02.677			hülya	551111351	çalkı
41		2025-10-09 13:25:17.82			esra	5304646086	erdogan
42		2025-10-09 13:39:12.988			dilek	5368401721	özdemir
43		2025-10-09 14:12:22.318			ahmet	5066573131	uçar
44		2025-10-09 14:16:38.591			ismet	5323498898	gündeş
45		2025-10-09 17:00:31.101			selvi	532252666	korkmaz
46		2025-10-10 12:55:13.666			susa	5313428850	çakmak
47		2025-10-10 16:13:48.766			nimet 	5357816030	baycan 
48		2025-10-10 17:22:03.421			züleyha 	5412538473	enliçay 
49		2025-10-11 08:22:03.871			SELİN GÜNGÖR	5518826241	KAHRAMAN 
50		2025-10-11 10:36:12.659			beyazıt 	5511633627	demir
51		2025-10-11 10:39:28.22			zeynep	5319669701	durmaz
52		2025-10-11 11:07:27.179			güler	5417792523	göksel
53		2025-10-11 11:51:05.555			fatma 	5439225817	yelboğa 
54		2025-10-11 11:53:37.375			hasan hüseyin	5413006360	avcu
55		2025-10-11 12:35:47.794			meral 	5455522558	zorba 
56		2025-10-11 14:08:22.314			melek	5013206879	alcelat
57		2025-10-11 14:16:50.138			elif	5356378572	bozgeyik
58		2025-10-11 14:40:16.561			mehmet	5073961210	türkmen
59		2025-10-11 15:54:18.748			murat	5446683081	atmış
60		2025-10-11 17:20:10.119			ayşe	5533184504	özkılıc
61		2025-10-11 17:44:22.99			MUSTAFA	5072384246	DEMİR
62		2025-10-12 10:32:24.708			pınar 	5075881865	aslan 
63		2025-10-12 12:12:44.985			nazife	5342447325	kelek
64		2025-10-12 12:47:02.823			sudenur 	5395863558	polat
65		2025-10-12 13:33:59.278			PINAR 	5438729928	DEGİRMENCİ
66		2025-10-12 13:38:23.18			ÖZLEM CAN 	5313038053	POLAT 
67		2025-10-12 13:41:13.721			EMİNE YILDIZ	5457673750	EVREN 
68		2025-10-12 13:50:51.123			EMİNE 	5324947421	KARABIYIK 
69		2025-10-12 13:52:46.07			DUYGU 	5071090913	YİGİT 
70		2025-10-12 14:22:55.315			HALİFE 	5445292109	DEMİR 
71		2025-10-12 15:28:51.719			FEVZİYE 	5468279264	AK
72		2025-10-12 16:37:54.764			CANSU 	5467781009	ERSÖZ
73		2025-10-12 18:32:00.952			MUHAMMER 	5461188849	SEKMAN 
74		2025-10-13 11:44:08.754			sevgi 	5426996088	demir 
75		2025-10-13 18:04:42.654			zeliha	5525463211	uyan
76		2025-10-14 12:16:18.239			TÜLAY 	5363851888	ÇINAR 
77		2025-10-15 12:00:06.775			abru	5449468278	şirin
78		2025-10-16 08:30:16.272			fatma 	5462612718	sarı 
79		2025-10-16 08:31:48.005			SONGÜL 	5335237738	POLAT 
80		2025-10-18 14:13:36.581	2000 TL 2 CANTA 		MEHMET 	5368954099	DOĞAN
\.


--
-- Data for Name: login; Type: TABLE DATA; Schema: public; Owner: admin
--

COPY public.login (id, password, username) FROM stdin;
1	adminpolo6094	admin
\.


--
-- Data for Name: product; Type: TABLE DATA; Schema: public; Owner: admin
--

COPY public.product (id, amount, barcode, city_enum, collection, color, createddatetime, name, prize, updatedatetime) FROM stdin;
38	1	86912346226160	AntepOutlet		A VİZYON	2025-10-01 17:14:19.481	POLO CLUB A6226	1000	2025-10-11 13:57:25.681
5	4	86912346269181	AntepOutlet		HAKİ	2025-10-01 16:15:35.006	 POLO CLUB  A6269	1200	2025-10-18 15:57:30.665
9	2	86912346269112	AntepOutlet		BORDO	2025-10-01 16:20:15.98	 POLO CLUB  A6269	1200	2025-10-19 08:21:01.458
50	2	86912346015078	AntepOutlet		BEYAZ	2025-10-01 17:23:25.966	POLO CLUB A6015	1000	2025-10-19 09:57:20.696
47	2	86912346015030	AntepOutlet		BEJ	2025-10-01 17:21:23.743	POLO CLUB A6015	1000	2025-10-15 11:58:46.108
26	3	86912346301034	AntepOutlet		BEJ	2025-10-01 16:43:27.267	 POLO CLUB A6301	1200	2025-10-18 10:14:31.572
22	2	86912346009077	AntepOutlet		BEYAZ	2025-10-01 16:37:31.199	 POLO CLUB A6009	1200	2025-10-18 15:57:52.517
2	3	86912346269143	AntepOutlet		rugan siyah	2025-10-01 16:06:13.267	 POLO CLUB  A6269	1200	2025-10-18 09:18:13.152
1	0	86912346269150	AntepOutlet		TAŞ RENGİ	2025-10-01 16:14:17.409	 POLO CLUB  A6269	1200	2025-10-20 17:45:55.336
21	3	86912346009022	AntepOutlet		LACİVERT	2025-10-01 16:32:41.105	 POLO CLUB A6009	1200	2025-10-18 10:32:54.264
7	1	86912346269013	AntepOutlet		SİYAH 	2025-10-01 16:18:21.94	 POLO CLUB  A6269	1200	2025-10-18 09:25:30.802
32	0	86912346010028	AntepOutlet		LACİVERT	2025-10-01 16:59:15.746	POLO CLUB A6010	1200	2025-10-12 13:50:51.12
35	0	86912346010059	AntepOutlet		KAHVE	2025-10-01 17:00:50.848	POLO CLUB A6010	1200	2025-10-12 13:52:46.07
39	2	86912346226177	AntepOutlet		VİZYON	2025-10-01 17:14:59.763	POLO CLUB A6226	1000	2025-10-07 10:52:11.025
37	1	86912346013012	AntepOutlet		SİYAH	2025-10-01 17:13:12.708	POLO CLUB A6013	1000	2025-10-19 12:45:58.359
13	1	86912346013074	AntepOutlet		BEYAZ	2025-10-01 17:12:18.242	POLO CLUB A6013	1000	2025-10-19 14:02:17.764
54	5	86912346011124	AntepOutlet		KIRMIZI	2025-10-01 17:32:23.568	ARME ÇANTA  A6011	900	2025-10-19 17:47:39.52
15	3	86912346009169	AntepOutlet		A.VİZYON	2025-10-01 16:23:25.436	 POLO CLUB A6009	1200	2025-10-05 17:42:42.14
3	0	86912346301010	AntepOutlet		SİYAH	2025-10-01 16:46:04.52	 POLO CLUB A6301	1200	2025-10-07 12:59:11.199
17	2	86912346009114	AntepOutlet		BORDO	2025-10-01 16:26:01.602	 POLO CLUB A6009	1200	2025-10-05 17:42:52.148
16	3	86912346009084	AntepOutlet		YEŞİL	2025-10-01 16:24:38.386	 POLO CLUB A6009	650	2025-10-16 11:23:54.45
63	1	86912346277025	AntepOutlet		LACİVERT	2025-10-01 17:47:03.7	POLO CLUB A6277	1000	2025-10-18 16:26:54.049
25	3	86912346009015	AntepOutlet		SİYAH	2025-10-01 16:34:43.348	 POLO CLUB A6009	1200	2025-10-18 10:36:33.431
10	1	86912346010011	AntepOutlet		SİYAH 	2025-10-01 17:01:37.475	POLO CLUB A6010	1200	2025-10-18 13:01:34.496
23	1	86912346301072	AntepOutlet		BEYAZ	2025-10-01 16:45:38.088	 POLO CLUB A6301	1200	2025-10-05 17:43:19.283
40	3	86912346226139	AntepOutlet		GRİ	2025-10-01 17:15:33.58	POLO CLUB A6226	1000	2025-10-11 15:54:18.747
19	2	86912346009060	AntepOutlet		TABA	2025-10-01 16:30:50.396	 POLO CLUB A6009	1200	2025-10-18 10:32:26.422
27	2	86912346301065	AntepOutlet		TABA	2025-10-01 16:41:42.796	 POLO CLUB A6301	1200	2025-10-05 17:43:35.11
28	2	86912346301119	AntepOutlet		BORDO	2025-10-01 16:42:30.157	 POLO CLUB A6301	1200	2025-10-05 17:43:39.56
29	2	86912346301133	AntepOutlet		GRİ	2025-10-01 16:44:09.455	 POLO CLUB A6301	1200	2025-10-05 17:43:44.449
30	2	86912346301041	AntepOutlet		VİZYON	2025-10-01 16:44:57.379	 POLO CLUB A6301	1200	2025-10-05 17:43:48.792
34	1	86912346010066	AntepOutlet		TABA	2025-10-01 17:00:20.783	POLO CLUB A6010	1200	2025-10-11 11:07:27.178
33	2	86912346010134	AntepOutlet		GRİ	2025-10-01 16:59:58.472	POLO CLUB A6010	1200	2025-10-05 17:43:57.92
14	3	86912346013036	AntepOutlet		BEJ	2025-10-01 17:12:42.335	POLO CLUB A6013	1000	2025-10-19 12:46:35.62
4	1	86912346269174	AntepOutlet		K.VİZYON	2025-10-01 16:10:31.346	 POLO CLUB  A6269	1200	2025-10-19 14:56:57.549
36	2	86912346010172	AntepOutlet		K.VİZYON	2025-10-01 17:01:12.342	POLO CLUB A6010	1200	2025-10-05 17:44:13.353
49	2	86912346015139	AntepOutlet		GRİ	2025-10-01 17:22:55.162	POLO CLUB A6015	1000	2025-10-08 11:48:16.327
53	4	86912346011056	AntepOutlet		KAHVE	2025-10-01 17:31:28.801	ARME ÇANTA  A6011	900	2025-10-19 17:46:37.367
59	4	86912346011032	AntepOutlet		BEJ	2025-10-01 17:36:39.178	ARME ÇANTA  A6011	850	2025-10-16 18:14:19.116
6	0	86912346269068	AntepOutlet		TABA	2025-10-01 16:09:27.051	 POLO CLUB  A6269	1200	2025-10-19 15:27:22.187
42	1	86912346014064	AntepOutlet		LACİVERT	2025-10-01 17:17:13.325	POLO CLUB A6014	1100	2025-10-05 17:44:42.098
43	1	86912346014064	AntepOutlet		TABA	2025-10-01 17:17:45.511	POLO CLUB A6014	1100	2025-10-05 17:44:46.552
45	1	86912346014064	AntepOutlet		TABA	2025-10-01 17:18:50.429	POLO CLUB A6014	1100	2025-10-05 17:44:56.172
46	2	86912346015023	AntepOutlet		LACİVERT	2025-10-01 17:20:52.229	POLO CLUB A6015	1000	2025-10-05 17:45:01.532
8	2	86912346269167	AntepOutlet		A.VİZYON	2025-10-01 16:19:16.177	 POLO CLUB  A6269	1200	2025-10-15 17:30:34.468
12	1	86912346013050	AntepOutlet		KAHVE	2025-10-01 17:11:43.748	POLO CLUB A6013	1000	2025-10-19 12:45:35.921
44	2	86912346014019	AntepOutlet		SİYAH	2025-10-01 17:18:10.76	POLO CLUB A6014	1100	2025-10-21 11:01:44.919
64	2	86912346277032	AntepOutlet		BEJ	2025-10-01 17:48:31.399	POLO CLUB A6277	1000	2025-10-18 16:45:45.891
62	2	86912346277070	AntepOutlet		BEYAZ	2025-10-01 17:46:20.486	POLO CLUB A6277	1000	2025-10-18 16:44:03.379
18	1	86912346009183	AntepOutlet		HAKİ	2025-10-01 16:27:25.591	 POLO CLUB A6009	1000	2025-10-09 09:30:54.905
20	3	86912346009039	AntepOutlet		BEJ	2025-10-01 16:31:22.5	 POLO CLUB A6009	1200	2025-10-18 10:44:40.962
56	4	86912346011049	AntepOutlet		VİZON	2025-10-01 17:33:50.431	ARME ÇANTA  A6011	900	2025-10-19 17:52:21.362
55	4	86912346011025	AntepOutlet		LACİVERT	2025-10-01 17:32:58.769	ARME ÇANTA  A6011	900	2025-10-19 17:48:15.331
57	6	86912346011070	AntepOutlet		BEYAZ	2025-10-01 17:34:56.027	ARME ÇANTA  A6011	900	2025-10-19 17:48:50.093
11	2	86912346013067	AntepOutlet		TABA	2025-10-01 17:11:02.059	POLO CLUB A6013	1000	2025-10-19 14:01:16.115
58	5	86912346011131	AntepOutlet		GRİ	2025-10-01 17:35:32.741	ARME ÇANTA  A6011	900	2025-10-19 17:49:23.189
52	4	86912346011018	AntepOutlet		SİYAH 	2025-10-01 17:30:22.574	ARME ÇANTA A6011	900	2025-10-19 17:50:37.182
48	2	86912346015016	AntepOutlet		SİYAH	2025-10-01 17:21:59.65	POLO CLUB A6015	1000	2025-10-18 14:32:23.202
61	3	86912346017195	AntepOutlet		PUDRA	2025-10-01 17:39:13.145	ARME ÇANTA  A6017	850	2025-10-06 07:04:13.475
24	1	86912346009053	AntepOutlet		KAHVE	2025-10-01 16:29:13.804	 POLO CLUB A6009	1200	2025-10-06 13:35:00.93
117	2	86912346247172	AntepOutlet		K.VİZYON	2025-10-01 19:01:41.711	ARME A6247	1200	2025-10-01 19:01:41.711
119	1	86912346247189	AntepOutlet		HAKİ	2025-10-01 19:02:36.005	ARME A6247	1200	2025-10-01 19:02:36.005
114	4	86912346291229	AntepOutlet		A.GRİ	2025-10-01 18:59:34.469	ARME A6291	700	2025-10-19 09:36:09.862
74	1	86912346021093	AntepOutlet		MAVİ	2025-10-01 18:02:50.767	POLO CLUB A6021	1200	2025-10-18 13:12:40.079
67	1	86912346277131	AntepOutlet		GRİ	2025-10-01 17:50:49.516	POLO CLUB A6277	1000	2025-10-04 18:48:37.499
124	2	86912346305056	AntepOutlet		KAHVE	2025-10-01 19:06:26.56	POLO CLUB  A6305	1000	2025-10-05 18:14:16.769
121	1	86912346247011	AntepOutlet		SİYAH	2025-10-01 19:03:31.986	ARME A6247	650	2025-10-13 16:17:52.157
122	0	86912346305070	AntepOutlet		BEYAZ	2025-10-01 19:05:19.041	POLO CLUB  A6305	1000	2025-10-11 14:09:20.307
104	3	86912346307166	AntepOutlet		BEJ	2025-10-01 18:50:47.187	ARME A6307	650	2025-10-19 09:26:14.431
88	1	86912346246083	AntepOutlet		YEŞİL	2025-10-01 18:17:25.916	ARME A6246	1200	2025-10-12 10:32:24.705
115	2	86912346247097	AntepOutlet		MAVİ	2025-10-01 19:00:30.01	ARME A6247	1200	2025-10-11 17:37:54.166
79	0	86912346021017	AntepOutlet		SİYAH	2025-10-01 18:06:45.356	POLO CLUB A6021	1200	2025-10-05 17:32:38.434
90	1	86912346246014	AntepOutlet		SİYAH	2025-10-01 18:19:02.141	ARME A6246	1200	2025-10-05 17:59:01.945
113	2	86912346291014	AntepOutlet		SİYAH 	2025-10-01 18:59:03.852	ARME A6291	700	2025-10-19 09:34:48.317
128	2	86912346255016	AntepOutlet		SİYAH 	2025-10-01 19:10:49.097	POLO CLUB  A6255	700	2025-10-19 10:17:33.614
73	3	86912346021079	AntepOutlet		BEYAZ	2025-10-01 18:01:45.604	POLO CLUB A6021	1200	2025-10-05 17:48:32.567
77	3	86912346021024	AntepOutlet		LACİVERT	2025-10-01 18:04:59.766	POLO CLUB A6021	1200	2025-10-18 13:13:00.446
76	3	86912346021062	AntepOutlet		TABA	2025-10-01 18:04:32.599	POLO CLUB A6021	1200	2025-10-05 17:49:58.869
80	3	86912346021048	AntepOutlet		VİZYON	2025-10-01 18:07:26.522	POLO CLUB A6021	1200	2025-10-18 13:13:45.368
78	2	86912346021031	AntepOutlet		BEJ	2025-10-01 18:05:42.083	POLO CLUB A6021	1200	2025-10-05 17:50:45.814
85	2	86912346012183	AntepOutlet		HAKİ	2025-10-01 18:12:42.886	POLO CLUB A6012	1200	2025-10-19 13:34:41.851
81	1	86912346018055	AntepOutlet		KAHVE	2025-10-01 18:08:22.105	ARME  A6018	1200	2025-10-05 17:51:18.915
82	1	86912346018130	AntepOutlet		GRİ	2025-10-01 18:08:44.141	ARME  A6018	1200	2025-10-05 17:52:22.651
83	1	86912346018031	AntepOutlet		BEJ	2025-10-01 18:09:04.045	ARME  A6018	1200	2025-10-05 17:52:34.731
86	0	86912346012015	AntepOutlet		SİYAH	2025-10-01 18:13:12.809	POLO CLUB A6012	1100	2025-10-19 13:35:07.184
87	1	86912346246076	AntepOutlet		BEYAZ	2025-10-01 18:17:02.672	ARME A6246	1200	2025-10-05 17:53:26.002
127	0	86912346305186	AntepOutlet		HAKİ	2025-10-01 19:08:49.169	POLO CLUB  A6305	1000	2025-10-12 12:12:44.969
89	1	86912346246045	AntepOutlet		VİZON	2025-10-01 18:18:40.792	ARME A6246	1200	2025-10-05 17:53:50.807
66	7	86912346277018	AntepOutlet		SİYAH	2025-10-01 17:49:56.514	POLO CLUB A6277	1000	2025-10-11 14:08:22.313
72	1	86912346262014	AntepOutlet		SİYAH	2025-10-01 17:54:58.35	POLO CLUB A6262	1100	2025-10-18 14:59:13.899
116	4	86912346247165	AntepOutlet		A.VİZYON 	2025-10-01 19:01:16.352	ARME A6247	650	2025-10-13 16:16:28.269
92	4	86912346023042	AntepOutlet		VİZYON	2025-10-01 18:20:42.576	POLO CLUB A6023	900	2025-10-19 13:50:27.421
97	1	86912346147243	AntepOutlet		BORDO	2025-10-01 18:46:36.422	ARME A6147	1000	2025-10-18 14:50:07.838
99	1	86912346147045	AntepOutlet		VİZON 	2025-10-01 18:47:47.687	ARME A6147	1000	2025-10-19 13:27:48.034
98	1	86912346147076	AntepOutlet		BEYAZ	2025-10-01 18:47:22.228	ARME A6147	1000	2025-10-19 13:31:32.252
96	2	86912346147052	AntepOutlet		KAHVE	2025-10-01 18:26:11.242	ARME A6147	1000	2025-10-18 14:47:57.481
101	3	86912346307135	AntepOutlet		GRİ	2025-10-01 18:49:29.871	ARME A6307	1000	2025-10-05 18:00:57.619
102	3	86912346307128	AntepOutlet		KIRMIZI	2025-10-01 18:49:58.822	ARME A6307	1000	2025-10-05 18:01:07.64
103	3	86912346307173	AntepOutlet		K.VİZON	2025-10-01 18:50:25.104	ARME A6307	1000	2025-10-05 18:01:18.944
112	1	86912346291212	AntepOutlet		K.GRİ	2025-10-01 18:58:30.882	ARME A6291	700	2025-10-19 09:33:02.331
105	3	86912346211012	AntepOutlet		SİYAH	2025-10-01 18:52:56.607	POLO CLUB A6211	1100	2025-10-05 18:01:42.235
106	1	86912346211111	AntepOutlet		BORDO	2025-10-01 18:54:50.68	POLO CLUB A6211	1100	2025-10-05 18:10:04.018
107	2	86912346211098	AntepOutlet		MAVİ	2025-10-01 18:55:11.354	POLO CLUB A6211	1100	2025-10-05 18:10:17.419
129	7	86912346273010	AntepOutlet		SİYAH 	2025-10-01 19:11:43.983	POLO CLUB A6273	1100	2025-10-14 12:30:44.215
71	1	86912346262076	AntepOutlet		BEYAZ	2025-10-01 17:54:03.576	POLO CLUB A6262	1100	2025-10-18 14:58:52.543
123	1	86912346305094	AntepOutlet		MAVİ	2025-10-01 19:05:59	POLO CLUB  A6305	1000	2025-10-05 18:10:56.203
108	2	86912346211135	AntepOutlet		GRİ	2025-10-01 18:55:30.481	POLO CLUB A6211	1100	2025-10-05 18:11:07.61
110	4	86912346211258	AntepOutlet		TURUNCU	2025-10-01 18:56:38.422	POLO CLUB A6211	1100	2025-10-05 18:11:25.549
109	1	86912346211074	AntepOutlet		BEYAZ	2025-10-01 18:55:55.49	POLO CLUB A6211	1100	2025-10-12 12:47:02.822
69	2	86912346262199	AntepOutlet		PUDRA	2025-10-01 17:52:18.843	POLO CLUB A6262	1200	2025-10-05 18:12:12.192
118	1	86912346247080	AntepOutlet		YEŞİL	2025-10-01 19:02:11.388	ARME A6247	650	2025-10-16 11:50:29.234
75	0	86912346021055	AntepOutlet		KAHVE	2025-10-01 18:04:06.067	POLO CLUB A6021	1200	2025-10-10 12:55:13.665
120	0	86912346247110	AntepOutlet		KAHVE	2025-10-01 19:03:02.252	ARME A6247	1200	2025-10-08 12:49:04.436
70	1	86912346262137	AntepOutlet		GRİ	2025-10-01 17:53:02.839	POLO CLUB A6262	1200	2025-10-09 13:40:10.848
68	0	86912346277056	AntepOutlet		KAHVE	2025-10-01 17:51:42.973	POLO CLUB A6277	1000	2025-10-11 17:44:22.989
65	1	86912346277049	AntepOutlet		VİZON	2025-10-01 17:49:17.468	POLO CLUB A6277	1000	2025-10-18 16:46:21.232
111	1	86912346291038	AntepOutlet		BEJ	2025-10-01 18:58:02.181	ARME A6291	700	2025-10-19 09:34:24.061
100	0	86912346147137	AntepOutlet		GRİ	2025-10-01 18:48:09.594	ARME A6147	1000	2025-10-19 12:58:58.477
137	1	86912346019137	AntepOutlet		GRİ	2025-10-01 19:18:59.144	 POLO CLUB A6019	1800	2025-10-01 19:18:59.144
173	4	86912346031016	AntepOutlet		siyah	2025-10-04 14:36:00.137	a6031	650	2025-10-04 14:36:00.137
185	0	08691234623015	AntepOutlet		SİYAH	2025-10-04 18:42:40.261	A 6023	900	2025-10-19 13:52:28.03
161	3	86912346264186	AntepOutlet		YEŞİL	2025-10-04 12:09:38.933	POLO CLUB  A6264	1200	2025-10-19 17:33:36.345
51	1	86912346015054	AntepOutlet		KAHVE	2025-10-01 17:23:57.32	POLO CLUB A6015	800	2025-10-03 16:57:55.031
150	4	86912346622269	AntepOutlet		KREM	2025-10-01 19:34:33.057	POLO CLUB A6622	1000	2025-10-18 15:22:05.02
165	1	86912346041251	AntepOutlet		SİYAH	2025-10-04 13:27:09.65	POLO CLUB  A6041	1200	2025-10-11 10:39:28.219
155	6	86912346622016	AntepOutlet		SİYAH 	2025-10-01 19:38:20	POLO CLUB A6622	1000	2025-10-18 16:00:01.212
160	2	86912346264056	AntepOutlet		KAHVE	2025-10-04 12:08:32.505	polo club A6264	1200	2025-10-19 17:33:01.869
179	2	86912346027064	AntepOutlet		TABA	2025-10-04 14:59:52.022	A6027	1200	2025-10-04 14:59:52.022
181	2	86912346026050	AntepOutlet		KAHVE	2025-10-04 15:23:14.587	A6026	1200	2025-10-04 15:23:14.587
182	2	86912346625192	AntepOutlet		PUTRA	2025-10-04 15:25:05.136	A6625	1200	2025-10-04 15:25:05.136
184	4	86912346625017	AntepOutlet		SİYAH	2025-10-04 15:26:46.724	A6625	1200	2025-10-04 15:26:46.724
159	3	86912346028016	AntepOutlet		SİYAH TERK RENK	2025-10-04 10:06:44.239	POLO CLUB A6028	700	2025-10-19 09:51:13.541
167	6	86912346037018	AntepOutlet		SİYAH	2025-10-04 13:36:17.167	POLO CLUB A6037	1000	2025-10-05 17:49:11.823
141	1	86912346131068	AntepOutlet		TABA	2025-10-01 19:23:09.611	POLO CLUB A6131	1100	2025-10-19 12:12:41.148
125	2	86912346305018	AntepOutlet		SİYAH 	2025-10-01 19:06:58.384	POLO CLUB  A6305	1000	2025-10-05 18:11:43.097
140	1	86912346019069	AntepOutlet		TABA	2025-10-01 19:21:10.385	POLO CLUB A6019	650	2025-10-11 14:17:46.669
156	2	86912346623099	AntepOutlet		mavi	2025-10-04 08:12:30.908	polo club A 6623	650	2025-10-05 10:22:15.152
162	1	86912346264018	AntepOutlet		SİYAH 	2025-10-04 12:10:20.501	POLO CLUB  A6264	1200	2025-10-19 17:35:27.698
133	6	86912346260065	AntepOutlet		TABA	2025-10-01 19:15:46.696	POLO CLUB A6260	1100	2025-10-18 14:04:55.991
180	8	86912346027033	AntepOutlet		K VİZYON	2025-10-04 15:00:41.01	A6027	1200	2025-10-18 11:58:23.497
60	6	86912346011186	AntepOutlet		HAKİ	2025-10-01 17:37:48.651	ARME ÇANTA  A6011	900	2025-10-19 17:49:53.897
172	3	86912346032013	AntepOutlet		siyah	2025-10-04 14:33:45.815	a6032	900	2025-10-16 17:16:45.556
131	4	86912346260072	AntepOutlet		BEYAZ	2025-10-01 19:14:37.987	POLO CLUB A6260	1100	2025-10-18 13:53:54.814
171	13	86912346033010	AntepOutlet		siyah	2025-10-04 14:32:32.242	A6033	1100	2025-10-20 17:57:19.16
84	1	86912346012060	AntepOutlet		TABA	2025-10-01 18:11:18.854	POLO CLUB A6012	1100	2025-10-19 13:35:33.506
132	1	86912346260126	AntepOutlet		KIRMIZI	2025-10-01 19:15:22.672	POLO CLUB A6260	1100	2025-10-05 18:15:18.323
188	3	86912346147113	AntepOutlet		BORDO 	2025-10-18 14:43:19.183	ARME A6147	1000	2025-10-18 14:43:19.183
142	2	86912346131112	AntepOutlet		BORDO 	2025-10-01 19:24:46.677	POLO CLUB A6131	1100	2025-10-05 18:16:09.304
144	2	86912346131044	AntepOutlet		VİZYO	2025-10-01 19:27:08.496	POLO CLUB A6131	700	2025-10-19 12:12:14.401
136	2	86912346228133	AntepOutlet		GRİ	2025-10-01 19:17:41.605	POLO CLUB A6228	1100	2025-10-05 18:16:38.156
145	2	86912346131051	AntepOutlet		KAHVE 	2025-10-01 19:28:12.078	POLO CLUB A6131	1100	2025-10-05 18:17:33.671
146	3	86912346227136	AntepOutlet		GRİ	2025-10-01 19:30:00.273	POLO CLUB A6227	1200	2025-10-05 18:18:13.188
148	3	86912346227044	AntepOutlet		VİZYON 	2025-10-01 19:33:04.603	POLO CLUB A6227	1200	2025-10-05 18:18:26.951
143	3	86912346131013	AntepOutlet		SİYAH 	2025-10-01 19:25:33.337	POLO CLUB A6131	650	2025-10-13 11:44:08.753
170	8	86912346035014	AntepOutlet		siyah	2025-10-04 14:30:20.895	A60354	1100	2025-10-18 15:57:10.944
149	5	86912346227013	AntepOutlet		SİYAH	2025-10-01 19:33:49.992	POLO CLUB A6227	1200	2025-10-05 18:19:23.779
151	3	86912346622078	AntepOutlet		BEYAZ DAMA	2025-10-01 19:35:38.844	POLO CLUB A6622	1000	2025-10-05 18:19:37.119
139	0	86912346019052	AntepOutlet		KAHVE	2025-10-01 19:20:20.64	POLO CLUB A6019	700	2025-10-21 12:08:49.056
154	2	86912346622047	AntepOutlet		VİZON	2025-10-01 19:37:46.7	POLO CLUB A6622	1000	2025-10-18 15:28:47.172
130	1	86912346260027	AntepOutlet		LACİVERT	2025-10-01 19:12:31.405	POLO CLUB A6260	1100	2025-10-16 16:37:12.013
166	8	86912346039012	AntepOutlet		SİYAH	2025-10-04 13:31:46.274	POLO CLUB A6039	700	2025-10-19 09:53:45.297
147	1	86912346227068	AntepOutlet		TABA	2025-10-01 19:32:22.689	POLO CLUB A6227	1200	2025-10-09 14:12:22.317
175	4	86912346029013	AntepOutlet		SİYAH	2025-10-04 14:39:09.599	A6029	1200	2025-10-19 17:43:49.539
174	7	86912346030019	AntepOutlet		siyah	2025-10-04 14:37:48.582	A6030	900	2025-10-12 15:28:51.719
164	17	86912346249015	AntepOutlet		SİYAH	2025-10-04 12:35:04.209	POLO CLUB A6249	700	2025-10-18 15:19:14.956
183	1	86912346625024	AntepOutlet		LACİVERT	2025-10-04 15:25:53.272	A6625	1200	2025-10-13 18:04:42.653
163	15	86912346304011	AntepOutlet		siyah	2025-10-04 12:19:03.486	polo club A6304	700	2025-10-19 17:58:31.686
41	1	86912346226016	AntepOutlet		SİYAH	2025-10-01 17:16:02.723	POLO CLUB A6226	1000	2025-10-07 18:16:52.444
153	2	86912346622061	AntepOutlet		TABA	2025-10-01 19:37:04.624	POLO CLUB A6622	1000	2025-10-18 15:22:31.001
168	1	86912346027019	AntepOutlet		SİYAH	2025-10-04 13:38:41.718	A6027	1200	2025-10-19 14:11:20.777
187	3	86912346027057	AntepOutlet		KAHVE	2025-10-18 11:45:23.352	polo canta  KOD: A6027	1200	2025-10-18 11:45:23.352
138	4	86912346019076	AntepOutlet		BEYAZ	2025-10-01 19:19:34.222	POLO CLUB A6019	650	2025-10-15 17:29:24.631
177	1	86912346027187	AntepOutlet		HAKİ	2025-10-04 14:58:09.948	A6027	1200	2025-10-15 10:40:09.955
186	3	86912346268016	AntepOutlet		SİYAH	2025-10-05 13:24:44.978	A6298	1200	2025-10-19 14:13:04.64
176	10	86912346303014	AntepOutlet		SİYAH	2025-10-04 14:47:16.373	A6303	700	2025-10-19 17:59:07.405
169	5	86912346036011	AntepOutlet		siyah	2025-10-04 13:49:45.17	polo  A6036	1000	2025-10-19 14:03:41.745
126	1	86912346305032	AntepOutlet		BEJ	2025-10-01 19:07:58.579	POLO CLUB  A6305	1000	2025-10-19 13:40:09.72
158	1	86912346264049	AntepOutlet		VİZYON	2025-10-04 09:30:23.085	polo club  A6264	1200	2025-10-19 17:34:58.293
134	2	86912346260188	AntepOutlet		HAKİ	2025-10-01 19:16:13.472	POLO CLUB A6260	1100	2025-10-21 13:54:42.095
135	1	86912346260034	AntepOutlet		BEJ	2025-10-01 19:16:40.157	POLO CLUB A6260	1100	2025-10-18 15:05:50.907
190	2	86912346023110	AntepOutlet		bordo	2025-10-19 12:03:16.11	polo club A6023	900	2025-10-19 12:03:16.11
193	4	86912346023073	AntepOutlet		beyaz	2025-10-19 12:05:31.201	polo club A6023	900	2025-10-19 12:05:31.201
191	3	86912346023059	AntepOutlet		kahve	2025-10-19 12:04:00.384	polo club A6023	900	2025-10-19 13:53:13.269
\.


--
-- Data for Name: transaction_log; Type: TABLE DATA; Schema: public; Owner: admin
--

COPY public.transaction_log (id, amount, city_enum, consumer_id, created_date_time, effecttype, paymentenum, product_id, title, discount) FROM stdin;
1	2	\N	\N	2025-10-03 08:10:30.116	UPDATE	\N	126	UpdateProduct	\N
2	2	\N	\N	2025-10-03 08:10:30.528	UPDATE	\N	126	UpdateProduct	\N
3	3	\N	\N	2025-10-03 09:48:27.021	UPDATE	\N	126	UpdateProduct	\N
4	3	1	\N	2025-10-03 10:02:06.432	UPDATE	\N	126	UpdateProduct	\N
5	3	1	\N	2025-10-03 11:19:29.772	UPDATE	\N	126	UpdateProduct	\N
6	1	1	\N	2025-10-03 11:19:51.915	SELL	0	126	Sellproduct	\N
7	4	1	\N	2025-10-03 16:02:58.601	UPDATE	\N	41	UpdateProduct	\N
8	1	1	\N	2025-10-03 16:03:13.74	SELL	0	41	Sellproduct	\N
9	3	1	\N	2025-10-03 16:03:39.265	UPDATE	\N	41	UpdateProduct	\N
10	2	1	\N	2025-10-03 16:57:36.765	UPDATE	\N	51	UpdateProduct	\N
11	1	1	\N	2025-10-03 16:57:55.031	SELL	0	51	Sellproduct	\N
12	3	1	\N	2025-10-04 08:12:30.933	ADD	\N	156	Createproduct	\N
15	2	2	\N	2025-10-04 09:29:51.22	DELETE	\N	\N	DeleteProduct	\N
16	2	1	\N	2025-10-04 09:30:23.104	ADD	\N	158	Createproduct	\N
17	2	1	\N	2025-10-04 09:35:18.975	UPDATE	\N	158	UpdateProduct	\N
18	1	1	2	2025-10-04 09:36:18.265	SELL	1	158	Sellproduct	\N
19	1	1	\N	2025-10-04 09:36:59.646	UPDATE	\N	158	UpdateProduct	\N
20	703	1	\N	2025-10-04 10:06:44.259	ADD	\N	159	Createproduct	\N
21	6	1	\N	2025-10-04 10:16:51.316	UPDATE	\N	143	UpdateProduct	\N
22	2	1	\N	2025-10-04 12:08:32.527	ADD	\N	160	Createproduct	\N
23	2	1	\N	2025-10-04 12:09:38.937	ADD	\N	161	Createproduct	\N
24	2	1	\N	2025-10-04 12:10:20.505	ADD	\N	162	Createproduct	\N
25	19	1	\N	2025-10-04 12:19:03.505	ADD	\N	163	Createproduct	\N
26	650	1	\N	2025-10-04 12:35:04.232	ADD	\N	164	Createproduct	\N
27	2	1	\N	2025-10-04 12:47:40.283	UPDATE	\N	147	UpdateProduct	\N
28	4	1	\N	2025-10-04 12:50:07.463	UPDATE	\N	130	UpdateProduct	\N
29	2	1	\N	2025-10-04 13:27:09.675	ADD	\N	165	Createproduct	\N
30	6	1	\N	2025-10-04 13:31:46.283	ADD	\N	166	Createproduct	\N
31	6	1	\N	2025-10-04 13:36:17.187	ADD	\N	167	Createproduct	\N
32	3	1	\N	2025-10-04 13:37:49.72	UPDATE	\N	121	UpdateProduct	\N
33	10	1	\N	2025-10-04 13:38:41.722	ADD	\N	168	Createproduct	\N
34	1	1	\N	2025-10-04 13:48:07.134	SELL	1	1	Sellproduct	\N
35	5	1	\N	2025-10-04 13:49:12.738	UPDATE	\N	1	UpdateProduct	\N
36	12	1	\N	2025-10-04 13:49:45.175	ADD	\N	169	Createproduct	\N
37	1	1	\N	2025-10-04 13:51:51.478	SELL	1	1	Sellproduct	\N
38	1	1	3	2025-10-04 13:52:21.363	SELL	1	1	Sellproduct	\N
39	1	1	4	2025-10-04 13:52:40.11	SELL	0	1	Sellproduct	\N
40	5	1	\N	2025-10-04 13:53:05.159	UPDATE	\N	1	UpdateProduct	\N
41	6	1	\N	2025-10-04 14:30:20.915	ADD	\N	170	Createproduct	\N
42	17	1	\N	2025-10-04 14:32:32.259	ADD	\N	171	Createproduct	\N
43	5	1	\N	2025-10-04 14:33:45.825	ADD	\N	172	Createproduct	\N
44	4	1	\N	2025-10-04 14:36:00.14	ADD	\N	173	Createproduct	\N
45	10	1	\N	2025-10-04 14:37:48.597	ADD	\N	174	Createproduct	\N
46	6	1	\N	2025-10-04 14:39:09.602	ADD	\N	175	Createproduct	\N
47	15	1	\N	2025-10-04 14:47:16.398	ADD	\N	176	Createproduct	\N
48	2	1	\N	2025-10-04 14:58:09.965	ADD	\N	177	Createproduct	\N
50	2	1	\N	2025-10-04 14:59:52.027	ADD	\N	179	Createproduct	\N
51	3	1	\N	2025-10-04 15:00:41.029	ADD	\N	180	Createproduct	\N
52	2	1	\N	2025-10-04 15:23:14.6	ADD	\N	181	Createproduct	\N
53	2	1	\N	2025-10-04 15:25:05.149	ADD	\N	182	Createproduct	\N
54	2	1	\N	2025-10-04 15:25:53.274	ADD	\N	183	Createproduct	\N
55	4	1	\N	2025-10-04 15:26:46.728	ADD	\N	184	Createproduct	\N
56	9	1	\N	2025-10-04 17:51:04.116	UPDATE	\N	128	UpdateProduct	\N
60	1	1	\N	2025-10-04 17:52:21.641	SELL	1	128	Sellproduct	\N
61	1	1	\N	2025-10-04 17:53:58.562	SELL	1	171	Sellproduct	\N
62	4	1	\N	2025-10-04 18:42:40.272	ADD	\N	185	Createproduct	\N
63	2	1	\N	2025-10-04 18:43:05.498	UPDATE	\N	67	UpdateProduct	\N
64	11	1	\N	2025-10-04 18:43:43.336	UPDATE	\N	48	UpdateProduct	\N
66	1	1	\N	2025-10-04 18:47:11.431	SELL	0	185	Sellproduct	\N
68	1	1	\N	2025-10-04 18:48:37.5	SELL	0	67	Sellproduct	\N
69	1	1	\N	2025-10-04 18:48:49.632	SELL	0	48	Sellproduct	\N
70	1	1	5	2025-10-05 08:51:26.068	SELL	0	69	Sellproduct	\N
71	2	1	\N	2025-10-05 09:04:46	UPDATE	\N	124	UpdateProduct	\N
72	3	1	\N	2025-10-05 10:20:25.726	UPDATE	\N	139	UpdateProduct	\N
73	3	1	\N	2025-10-05 10:20:58.748	UPDATE	\N	156	UpdateProduct	\N
74	1	1	\N	2025-10-05 10:22:06.659	SELL	0	139	Sellproduct	\N
75	1	1	\N	2025-10-05 10:22:15.153	SELL	0	156	Sellproduct	\N
76	5	1	\N	2025-10-05 10:35:24.03	UPDATE	\N	6	UpdateProduct	\N
77	5	1	\N	2025-10-05 10:35:58.458	UPDATE	\N	4	UpdateProduct	\N
78	5	1	\N	2025-10-05 10:36:10.577	UPDATE	\N	6	UpdateProduct	\N
79	1	1	6	2025-10-05 10:36:43.525	SELL	0	6	Sellproduct	\N
80	1	1	\N	2025-10-05 10:36:56.374	SELL	0	4	Sellproduct	\N
81	4	1	\N	2025-10-05 10:41:28.075	UPDATE	\N	4	UpdateProduct	\N
82	4	1	\N	2025-10-05 10:43:12.006	UPDATE	\N	6	UpdateProduct	\N
83	1	1	7	2025-10-05 11:41:07.076	SELL	1	8	Sellproduct	\N
84	3	1	\N	2025-10-05 12:24:27.924	UPDATE	\N	65	UpdateProduct	\N
85	1	1	\N	2025-10-05 12:24:59.272	SELL	0	65	Sellproduct	\N
86	2	1	\N	2025-10-05 13:04:43.011	UPDATE	\N	68	UpdateProduct	\N
87	1	1	\N	2025-10-05 13:04:58.612	SELL	0	68	Sellproduct	\N
88	17	1	\N	2025-10-05 13:07:24.567	UPDATE	\N	159	UpdateProduct	\N
89	1	1	\N	2025-10-05 13:07:52.421	SELL	0	159	Sellproduct	\N
90	1	1	\N	2025-10-05 13:08:08.156	SELL	0	185	Sellproduct	\N
91	4	1	\N	2025-10-05 13:20:21.705	DELETE	\N	\N	DeleteProduct	\N
92	4	1	\N	2025-10-05 13:20:34.797	UPDATE	\N	10	UpdateProduct	\N
93	1	1	\N	2025-10-05 13:22:13.566	SELL	0	10	Sellproduct	\N
94	3	1	\N	2025-10-05 13:22:34.619	UPDATE	\N	10	UpdateProduct	\N
95	3	1	\N	2025-10-05 13:24:44.991	ADD	\N	186	Createproduct	\N
96	1	1	\N	2025-10-05 13:25:01.083	SELL	0	186	Sellproduct	\N
97	5	1	\N	2025-10-05 13:29:44.467	UPDATE	\N	9	UpdateProduct	\N
98	1	1	\N	2025-10-05 13:30:07.474	SELL	0	9	Sellproduct	\N
99	7	1	\N	2025-10-05 14:16:48.245	UPDATE	\N	186	UpdateProduct	\N
100	1	1	\N	2025-10-05 15:01:21.191	SELL	0	175	Sellproduct	\N
101	3	1	\N	2025-10-05 16:49:47.493	UPDATE	\N	140	UpdateProduct	\N
102	8	1	\N	2025-10-05 16:50:15.76	UPDATE	\N	14	UpdateProduct	\N
103	3	1	\N	2025-10-05 16:50:44.447	UPDATE	\N	18	UpdateProduct	\N
104	4	1	\N	2025-10-05 16:51:18.729	UPDATE	\N	24	UpdateProduct	\N
105	1	1	\N	2025-10-05 16:52:32.263	SELL	1	24	Sellproduct	\N
106	1	1	8	2025-10-05 16:53:24.844	SELL	1	18	Sellproduct	\N
107	1	1	\N	2025-10-05 16:53:42.088	SELL	1	14	Sellproduct	\N
108	1	1	9	2025-10-05 16:54:32.536	SELL	1	140	Sellproduct	\N
109	2	1	\N	2025-10-05 16:56:37.792	UPDATE	\N	75	UpdateProduct	\N
110	1	1	10	2025-10-05 16:58:25.444	SELL	0	75	Sellproduct	\N
111	1	1	\N	2025-10-05 17:31:54.477	UPDATE	\N	79	UpdateProduct	\N
112	3	1	\N	2025-10-05 17:32:08.101	UPDATE	\N	41	UpdateProduct	\N
113	1	1	\N	2025-10-05 17:32:38.435	SELL	0	79	Sellproduct	\N
114	1	1	11	2025-10-05 17:34:07.276	SELL	0	41	Sellproduct	\N
115	5	1	\N	2025-10-05 17:41:59.909	UPDATE	\N	2	UpdateProduct	\N
116	1	1	\N	2025-10-05 17:42:07.583	UPDATE	\N	3	UpdateProduct	\N
117	5	1	\N	2025-10-05 17:42:13.441	UPDATE	\N	5	UpdateProduct	\N
118	5	1	\N	2025-10-05 17:42:18.887	UPDATE	\N	7	UpdateProduct	\N
119	3	1	\N	2025-10-05 17:42:25.059	UPDATE	\N	11	UpdateProduct	\N
120	2	1	\N	2025-10-05 17:42:30.597	UPDATE	\N	12	UpdateProduct	\N
121	1	1	\N	2025-10-05 17:42:35.879	UPDATE	\N	13	UpdateProduct	\N
122	3	1	\N	2025-10-05 17:42:42.14	UPDATE	\N	15	UpdateProduct	\N
123	1	1	\N	2025-10-05 17:42:47.211	UPDATE	\N	16	UpdateProduct	\N
124	2	1	\N	2025-10-05 17:42:52.149	UPDATE	\N	17	UpdateProduct	\N
125	4	1	\N	2025-10-05 17:42:57.23	UPDATE	\N	19	UpdateProduct	\N
126	2	1	\N	2025-10-05 17:43:02.175	UPDATE	\N	20	UpdateProduct	\N
127	2	1	\N	2025-10-05 17:43:07.761	UPDATE	\N	21	UpdateProduct	\N
128	5	1	\N	2025-10-05 17:43:14.355	UPDATE	\N	22	UpdateProduct	\N
129	1	1	\N	2025-10-05 17:43:19.284	UPDATE	\N	23	UpdateProduct	\N
130	5	1	\N	2025-10-05 17:43:24.423	UPDATE	\N	25	UpdateProduct	\N
131	2	1	\N	2025-10-05 17:43:30.085	UPDATE	\N	26	UpdateProduct	\N
132	2	1	\N	2025-10-05 17:43:35.111	UPDATE	\N	27	UpdateProduct	\N
133	2	1	\N	2025-10-05 17:43:39.56	UPDATE	\N	28	UpdateProduct	\N
134	2	1	\N	2025-10-05 17:43:44.449	UPDATE	\N	29	UpdateProduct	\N
135	2	1	\N	2025-10-05 17:43:48.792	UPDATE	\N	30	UpdateProduct	\N
136	2	1	\N	2025-10-05 17:43:53.544	UPDATE	\N	32	UpdateProduct	\N
137	2	1	\N	2025-10-05 17:43:57.92	UPDATE	\N	33	UpdateProduct	\N
138	2	1	\N	2025-10-05 17:44:03.179	UPDATE	\N	34	UpdateProduct	\N
139	2	1	\N	2025-10-05 17:44:08.136	UPDATE	\N	35	UpdateProduct	\N
140	2	1	\N	2025-10-05 17:44:13.354	UPDATE	\N	36	UpdateProduct	\N
141	5	1	\N	2025-10-05 17:44:19.737	UPDATE	\N	37	UpdateProduct	\N
142	2	1	\N	2025-10-05 17:44:24.926	UPDATE	\N	38	UpdateProduct	\N
143	3	1	\N	2025-10-05 17:44:31.897	UPDATE	\N	39	UpdateProduct	\N
144	3	1	\N	2025-10-05 17:44:36.658	UPDATE	\N	40	UpdateProduct	\N
145	1	1	\N	2025-10-05 17:44:42.098	UPDATE	\N	42	UpdateProduct	\N
146	1	1	\N	2025-10-05 17:44:46.553	UPDATE	\N	43	UpdateProduct	\N
147	3	1	\N	2025-10-05 17:44:51.45	UPDATE	\N	44	UpdateProduct	\N
148	1	1	\N	2025-10-05 17:44:56.173	UPDATE	\N	45	UpdateProduct	\N
149	2	1	\N	2025-10-05 17:45:01.532	UPDATE	\N	46	UpdateProduct	\N
150	3	1	\N	2025-10-05 17:45:07.447	UPDATE	\N	47	UpdateProduct	\N
151	3	1	\N	2025-10-05 17:45:15.832	UPDATE	\N	49	UpdateProduct	\N
152	4	1	\N	2025-10-05 17:45:23.887	UPDATE	\N	50	UpdateProduct	\N
153	3	1	\N	2025-10-05 17:45:33.592	UPDATE	\N	62	UpdateProduct	\N
154	2	1	\N	2025-10-05 17:45:40.555	UPDATE	\N	63	UpdateProduct	\N
155	5	1	\N	2025-10-05 17:45:47.08	UPDATE	\N	64	UpdateProduct	\N
156	4	1	\N	2025-10-05 17:45:54.096	UPDATE	\N	8	UpdateProduct	\N
157	5	1	\N	2025-10-05 17:46:02.136	UPDATE	\N	1	UpdateProduct	\N
158	6	1	\N	2025-10-05 17:47:04.069	UPDATE	\N	133	UpdateProduct	\N
159	8	1	\N	2025-10-05 17:47:29.987	UPDATE	\N	66	UpdateProduct	\N
160	3	1	\N	2025-10-05 17:47:50.077	UPDATE	\N	70	UpdateProduct	\N
161	2	1	\N	2025-10-05 17:48:04.607	UPDATE	\N	71	UpdateProduct	\N
162	3	1	\N	2025-10-05 17:48:19.577	UPDATE	\N	72	UpdateProduct	\N
163	3	1	\N	2025-10-05 17:48:32.568	UPDATE	\N	73	UpdateProduct	\N
164	5	1	\N	2025-10-05 17:48:56.967	UPDATE	\N	175	UpdateProduct	\N
165	6	1	\N	2025-10-05 17:49:11.824	UPDATE	\N	167	UpdateProduct	\N
166	2	1	\N	2025-10-05 17:49:25.929	UPDATE	\N	162	UpdateProduct	\N
167	2	1	\N	2025-10-05 17:49:44.734	UPDATE	\N	74	UpdateProduct	\N
168	3	1	\N	2025-10-05 17:49:58.87	UPDATE	\N	76	UpdateProduct	\N
169	2	1	\N	2025-10-05 17:50:16.28	UPDATE	\N	77	UpdateProduct	\N
170	2	1	\N	2025-10-05 17:50:45.815	UPDATE	\N	78	UpdateProduct	\N
171	1	1	\N	2025-10-05 17:51:00.35	UPDATE	\N	80	UpdateProduct	\N
172	1	1	\N	2025-10-05 17:51:18.915	UPDATE	\N	81	UpdateProduct	\N
173	1	1	\N	2025-10-05 17:52:22.652	UPDATE	\N	82	UpdateProduct	\N
174	1	1	\N	2025-10-05 17:52:34.731	UPDATE	\N	83	UpdateProduct	\N
175	2	1	\N	2025-10-05 17:52:44.919	UPDATE	\N	84	UpdateProduct	\N
176	1	1	\N	2025-10-05 17:53:02.486	UPDATE	\N	85	UpdateProduct	\N
177	1	1	\N	2025-10-05 17:53:14.279	UPDATE	\N	86	UpdateProduct	\N
178	1	1	\N	2025-10-05 17:53:26.002	UPDATE	\N	87	UpdateProduct	\N
179	2	1	\N	2025-10-05 17:53:39.785	UPDATE	\N	88	UpdateProduct	\N
180	1	1	\N	2025-10-05 17:53:50.807	UPDATE	\N	89	UpdateProduct	\N
181	5	1	\N	2025-10-05 17:54:45.312	UPDATE	\N	52	UpdateProduct	\N
182	1	1	\N	2025-10-05 17:55:21.168	SELL	0	52	Sellproduct	\N
183	1	1	\N	2025-10-05 17:56:35.442	SELL	0	186	Sellproduct	\N
184	1	1	\N	2025-10-05 17:57:08.919	SELL	0	70	Sellproduct	\N
185	1	1	\N	2025-10-05 17:59:01.947	UPDATE	\N	90	UpdateProduct	\N
187	5	1	\N	2025-10-05 17:59:34.554	UPDATE	\N	116	UpdateProduct	\N
188	5	1	\N	2025-10-05 17:59:42.903	UPDATE	\N	92	UpdateProduct	\N
190	2	1	\N	2025-10-05 18:00:02.385	UPDATE	\N	96	UpdateProduct	\N
191	3	1	\N	2025-10-05 18:00:12.291	UPDATE	\N	97	UpdateProduct	\N
192	2	1	\N	2025-10-05 18:00:21.497	UPDATE	\N	98	UpdateProduct	\N
193	2	1	\N	2025-10-05 18:00:33.346	UPDATE	\N	99	UpdateProduct	\N
194	1	1	\N	2025-10-05 18:00:45.336	UPDATE	\N	100	UpdateProduct	\N
195	3	1	\N	2025-10-05 18:00:57.62	UPDATE	\N	101	UpdateProduct	\N
196	3	1	\N	2025-10-05 18:01:07.64	UPDATE	\N	102	UpdateProduct	\N
197	3	1	\N	2025-10-05 18:01:18.944	UPDATE	\N	103	UpdateProduct	\N
198	3	1	\N	2025-10-05 18:01:31.027	UPDATE	\N	104	UpdateProduct	\N
199	3	1	\N	2025-10-05 18:01:42.235	UPDATE	\N	105	UpdateProduct	\N
200	3	1	\N	2025-10-05 18:02:01.506	UPDATE	\N	104	UpdateProduct	\N
201	1	1	\N	2025-10-05 18:02:43.624	SELL	0	159	Sellproduct	\N
202	1	1	\N	2025-10-05 18:03:02.337	SELL	0	104	Sellproduct	\N
203	1	1	\N	2025-10-05 18:05:29.772	SELL	0	14	Sellproduct	\N
204	1	1	\N	2025-10-05 18:05:48.262	SELL	0	13	Sellproduct	\N
205	1	1	\N	2025-10-05 18:10:04.019	UPDATE	\N	106	UpdateProduct	\N
206	2	1	\N	2025-10-05 18:10:17.419	UPDATE	\N	107	UpdateProduct	\N
207	2	1	\N	2025-10-05 18:10:31.874	UPDATE	\N	109	UpdateProduct	\N
208	1	1	\N	2025-10-05 18:10:43.353	UPDATE	\N	122	UpdateProduct	\N
209	1	1	\N	2025-10-05 18:10:56.203	UPDATE	\N	123	UpdateProduct	\N
210	2	1	\N	2025-10-05 18:11:07.61	UPDATE	\N	108	UpdateProduct	\N
211	4	1	\N	2025-10-05 18:11:25.55	UPDATE	\N	110	UpdateProduct	\N
212	2	1	\N	2025-10-05 18:11:43.097	UPDATE	\N	125	UpdateProduct	\N
213	1	1	\N	2025-10-05 18:11:59.213	UPDATE	\N	127	UpdateProduct	\N
214	2	1	\N	2025-10-05 18:12:12.192	UPDATE	\N	69	UpdateProduct	\N
215	8	1	\N	2025-10-05 18:12:30.063	UPDATE	\N	128	UpdateProduct	\N
218	10	1	\N	2025-10-05 18:13:45.642	UPDATE	\N	129	UpdateProduct	\N
220	2	1	\N	2025-10-05 18:14:16.77	UPDATE	\N	124	UpdateProduct	\N
221	3	1	\N	2025-10-05 18:14:35.412	UPDATE	\N	131	UpdateProduct	\N
222	3	1	\N	2025-10-05 18:15:02.976	UPDATE	\N	141	UpdateProduct	\N
223	1	1	\N	2025-10-05 18:15:18.324	UPDATE	\N	132	UpdateProduct	\N
224	3	1	\N	2025-10-05 18:15:42.312	UPDATE	\N	134	UpdateProduct	\N
225	3	1	\N	2025-10-05 18:15:55.055	UPDATE	\N	135	UpdateProduct	\N
226	2	1	\N	2025-10-05 18:16:09.304	UPDATE	\N	142	UpdateProduct	\N
227	3	1	\N	2025-10-05 18:16:20.552	UPDATE	\N	144	UpdateProduct	\N
228	2	1	\N	2025-10-05 18:16:38.156	UPDATE	\N	136	UpdateProduct	\N
229	2	1	\N	2025-10-05 18:17:33.672	UPDATE	\N	145	UpdateProduct	\N
230	3	1	\N	2025-10-05 18:18:13.188	UPDATE	\N	146	UpdateProduct	\N
231	3	1	\N	2025-10-05 18:18:26.951	UPDATE	\N	148	UpdateProduct	\N
232	6	1	\N	2025-10-05 18:18:44.493	UPDATE	\N	150	UpdateProduct	\N
233	1	1	\N	2025-10-05 18:19:02.614	UPDATE	\N	154	UpdateProduct	\N
234	5	1	\N	2025-10-05 18:19:23.78	UPDATE	\N	149	UpdateProduct	\N
235	3	1	\N	2025-10-05 18:19:37.119	UPDATE	\N	151	UpdateProduct	\N
236	2	1	\N	2025-10-05 18:19:53.822	UPDATE	\N	160	UpdateProduct	\N
238	2	1	\N	2025-10-05 18:20:34.138	UPDATE	\N	165	UpdateProduct	\N
239	3	1	\N	2025-10-05 18:20:49.032	UPDATE	\N	153	UpdateProduct	\N
240	6	1	\N	2025-10-05 18:21:01.713	UPDATE	\N	155	UpdateProduct	\N
241	1	1	\N	2025-10-05 18:21:14.581	UPDATE	\N	158	UpdateProduct	\N
242	1	1	12	2025-10-05 18:41:31.794	SELL	0	176	Sellproduct	\N
243	5	1	\N	2025-10-06 07:03:06.579	UPDATE	\N	53	UpdateProduct	\N
244	5	1	\N	2025-10-06 07:03:15.016	UPDATE	\N	54	UpdateProduct	\N
245	5	1	\N	2025-10-06 07:03:26.479	UPDATE	\N	55	UpdateProduct	\N
246	5	1	\N	2025-10-06 07:03:35.892	UPDATE	\N	56	UpdateProduct	\N
247	5	1	\N	2025-10-06 07:03:41.213	UPDATE	\N	57	UpdateProduct	\N
248	5	1	\N	2025-10-06 07:03:47.072	UPDATE	\N	58	UpdateProduct	\N
249	5	1	\N	2025-10-06 07:03:52.335	UPDATE	\N	59	UpdateProduct	\N
250	5	1	\N	2025-10-06 07:03:58.616	UPDATE	\N	60	UpdateProduct	\N
251	3	1	\N	2025-10-06 07:04:13.477	UPDATE	\N	61	UpdateProduct	\N
252	17	1	\N	2025-10-06 07:05:14.362	UPDATE	\N	164	UpdateProduct	\N
253	1	1	\N	2025-10-06 10:11:15.164	SELL	0	121	Sellproduct	\N
254	1	1	\N	2025-10-06 10:11:30.601	SELL	0	159	Sellproduct	0
256	1	1	13	2025-10-06 10:36:08.238	SELL	1	168	Sellproduct	0
257	1	1	\N	2025-10-06 10:40:24.243	SELL	1	113	Sellproduct	50
258	1	1	\N	2025-10-06 10:41:36.689	SELL	1	186	Sellproduct	0
259	3	1	\N	2025-10-06 10:54:16.647	UPDATE	\N	24	UpdateProduct	\N
260	1	1	14	2025-10-06 10:55:07.793	SELL	0	24	Sellproduct	0
261	1	1	\N	2025-10-06 11:36:50.077	SELL	1	128	Sellproduct	23
262	1	1	15	2025-10-06 13:35:00.939	SELL	0	24	Sellproduct	0
263	1	1	16	2025-10-06 13:53:21.017	SELL	0	25	Sellproduct	0
264	1	1	17	2025-10-06 13:55:11.766	SELL	1	48	Sellproduct	10
265	1	1	18	2025-10-06 14:36:13.732	SELL	1	25	Sellproduct	8
266	1	1	19	2025-10-07 08:49:16.022	SELL	0	48	Sellproduct	5
267	1	1	20	2025-10-07 08:53:28.109	SELL	1	7	Sellproduct	16
268	1	1	21	2025-10-07 09:45:22.09	SELL	0	186	Sellproduct	0
269	1	1	\N	2025-10-07 10:52:11.026	SELL	1	39	Sellproduct	10
270	1	1	22	2025-10-07 12:26:18.078	SELL	0	16	Sellproduct	0
271	1	1	23	2025-10-07 12:59:11.212	SELL	1	3	Sellproduct	8
272	1	1	\N	2025-10-07 14:34:49.06	SELL	1	164	Sellproduct	15
273	1	1	24	2025-10-07 15:32:38.162	SELL	0	169	Sellproduct	0
275	1	1	25	2025-10-07 18:16:52.454	SELL	1	41	Sellproduct	10
276	1	1	\N	2025-10-07 18:21:00.847	SELL	1	160	Sellproduct	8
277	1	1	26	2025-10-07 18:42:49.365	SELL	1	1	Sellproduct	16
278	1	1	27	2025-10-08 11:12:41.497	SELL	1	155	Sellproduct	10
279	1	1	28	2025-10-08 11:14:39.907	SELL	1	37	Sellproduct	10
280	1	1	29	2025-10-08 11:18:52.667	SELL	0	171	Sellproduct	\N
281	1	1	30	2025-10-08 11:40:16.56	SELL	0	118	Sellproduct	45
282	1	1	\N	2025-10-08 11:42:27.569	SELL	0	164	Sellproduct	0
283	1	1	31	2025-10-08 11:48:16.333	SELL	0	49	Sellproduct	0
284	1	1	32	2025-10-08 12:49:04.45	SELL	0	120	Sellproduct	45
285	1	1	\N	2025-10-08 12:52:46.74	SELL	0	176	Sellproduct	0
286	1	1	33	2025-10-08 13:57:32.078	SELL	0	162	Sellproduct	0
287	1	1	34	2025-10-08 16:32:23.163	SELL	0	1	Sellproduct	0
288	1	1	\N	2025-10-08 16:35:19.749	SELL	0	174	Sellproduct	0
289	1	1	35	2025-10-08 16:39:56.819	SELL	1	64	Sellproduct	10
290	1	1	36	2025-10-08 17:33:52.635	SELL	1	176	Sellproduct	7
291	1	1	37	2025-10-08 17:56:45.498	SELL	0	48	Sellproduct	0
292	1	1	\N	2025-10-09 07:24:01.855	SELL	0	169	Sellproduct	0
293	1	1	\N	2025-10-09 07:26:59.293	SELL	0	48	Sellproduct	0
294	1	1	38	2025-10-09 09:30:54.918	SELL	0	18	Sellproduct	0
295	1	1	39	2025-10-09 10:01:23.185	SELL	0	48	Sellproduct	10
296	1	1	\N	2025-10-09 10:18:14.873	SELL	1	174	Sellproduct	0
297	1	1	40	2025-10-09 13:15:02.683	SELL	1	170	Sellproduct	25
298	1	1	41	2025-10-09 13:25:17.825	SELL	1	139	Sellproduct	7
299	1	1	\N	2025-10-09 13:28:42.618	SELL	1	5	Sellproduct	16
300	1	1	42	2025-10-09 13:39:12.997	SELL	1	171	Sellproduct	16
301	1	1	\N	2025-10-09 13:40:10.848	SELL	1	70	Sellproduct	16
303	1	1	43	2025-10-09 14:12:22.325	SELL	1	147	Sellproduct	16
304	1	1	44	2025-10-09 14:16:38.598	SELL	0	129	Sellproduct	0
305	1	1	\N	2025-10-09 16:46:07.976	SELL	1	186	Sellproduct	16
306	1	1	\N	2025-10-09 16:53:45.642	SELL	1	71	Sellproduct	58
307	1	1	45	2025-10-09 17:00:31.108	SELL	1	186	Sellproduct	16
308	1	1	\N	2025-10-09 17:43:12.54	SELL	0	170	Sellproduct	9
309	1	1	\N	2025-10-10 11:41:26.236	SELL	0	128	Sellproduct	0
310	1	1	46	2025-10-10 12:55:13.672	SELL	1	75	Sellproduct	25
311	1	1	47	2025-10-10 16:13:48.771	SELL	1	97	Sellproduct	20
313	1	1	49	2025-10-11 08:22:03.88	SELL	0	143	Sellproduct	0
314	1	1	50	2025-10-11 10:36:12.666	SELL	1	32	Sellproduct	8
315	1	1	51	2025-10-11 10:39:28.223	SELL	1	165	Sellproduct	50
316	1	1	52	2025-10-11 11:07:27.189	SELL	1	34	Sellproduct	16
317	1	1	\N	2025-10-11 11:09:02.622	SELL	1	35	Sellproduct	16
318	1	1	53	2025-10-11 11:51:05.562	SELL	0	11	Sellproduct	0
319	1	1	54	2025-10-11 11:53:37.379	SELL	0	37	Sellproduct	0
320	1	1	\N	2025-10-11 12:08:42.972	SELL	1	171	Sellproduct	16
321	1	1	55	2025-10-11 12:35:47.801	SELL	0	172	Sellproduct	0
322	4	1	\N	2025-10-11 12:40:21.776	UPDATE	\N	172	UpdateProduct	\N
323	13	1	\N	2025-10-11 12:41:15.985	UPDATE	\N	171	UpdateProduct	\N
324	1	1	\N	2025-10-11 13:56:30.921	SELL	0	171	Sellproduct	0
325	1	1	\N	2025-10-11 13:57:25.682	SELL	0	38	Sellproduct	0
326	1	1	56	2025-10-11 14:08:22.325	SELL	0	66	Sellproduct	0
327	1	1	\N	2025-10-11 14:09:20.309	SELL	0	122	Sellproduct	0
328	1	1	57	2025-10-11 14:16:50.143	SELL	1	97	Sellproduct	0
329	1	1	\N	2025-10-11 14:17:46.671	SELL	1	140	Sellproduct	23
330	1	1	58	2025-10-11 14:40:16.565	SELL	0	7	Sellproduct	0
331	0	1	59	2025-10-11 15:54:18.754	SELL	0	40	Sellproduct	0
332	1	1	60	2025-10-11 17:20:10.124	SELL	0	180	Sellproduct	0
333	1	1	\N	2025-10-11 17:36:19.599	SELL	1	7	Sellproduct	16
334	1	1	\N	2025-10-11 17:37:54.167	SELL	1	115	Sellproduct	50
335	1	1	\N	2025-10-11 17:40:32.017	SELL	0	48	Sellproduct	0
336	1	1	61	2025-10-11 17:44:22.994	SELL	0	68	Sellproduct	0
337	1	1	62	2025-10-12 10:32:24.714	SELL	0	88	Sellproduct	0
338	1	1	\N	2025-10-12 12:09:19.721	SELL	1	19	Sellproduct	0
339	1	1	\N	2025-10-12 12:11:18.954	SELL	1	8	Sellproduct	0
340	1	1	63	2025-10-12 12:12:44.988	SELL	0	127	Sellproduct	0
341	1	1	\N	2025-10-12 12:16:20.388	SELL	0	186	Sellproduct	0
342	9	1	\N	2025-10-12 12:19:29.17	UPDATE	\N	168	UpdateProduct	\N
343	2	1	\N	2025-10-12 12:20:27.847	DELETE	\N	\N	DeleteProduct	\N
344	3	1	\N	2025-10-12 12:20:47.105	UPDATE	\N	25	UpdateProduct	\N
345	1	1	\N	2025-10-12 12:21:12.711	SELL	0	168	Sellproduct	0
346	8	1	\N	2025-10-12 12:24:31.581	UPDATE	\N	168	UpdateProduct	\N
347	1	1	\N	2025-10-12 12:29:37.055	SELL	0	129	Sellproduct	0
348	8	1	\N	2025-10-12 12:33:47.969	UPDATE	\N	129	UpdateProduct	\N
349	1	1	64	2025-10-12 12:47:02.832	SELL	1	109	Sellproduct	9
350	1	1	\N	2025-10-12 13:27:01.43	SELL	0	158	Sellproduct	8
351	1	1	65	2025-10-12 13:33:59.283	SELL	0	72	Sellproduct	0
352	1	1	66	2025-10-12 13:38:23.191	SELL	0	64	Sellproduct	0
353	1	1	67	2025-10-12 13:41:13.725	SELL	0	162	Sellproduct	0
354	1	1	68	2025-10-12 13:50:51.137	SELL	0	32	Sellproduct	0
355	1	1	69	2025-10-12 13:52:46.073	SELL	1	35	Sellproduct	8
356	1	1	\N	2025-10-12 13:53:40.871	SELL	1	37	Sellproduct	10
357	8	1	\N	2025-10-12 14:00:43.574	UPDATE	\N	168	UpdateProduct	\N
358	1	1	\N	2025-10-12 14:01:13.01	SELL	0	168	Sellproduct	0
359	1	1	70	2025-10-12 14:22:55.324	SELL	0	12	Sellproduct	0
360	1	1	\N	2025-10-12 15:02:56.873	SELL	0	164	Sellproduct	0
361	1	1	\N	2025-10-12 15:03:19.649	SELL	0	176	Sellproduct	0
362	1	1	\N	2025-10-12 15:03:20.67	SELL	0	176	Sellproduct	0
363	8	1	\N	2025-10-12 15:26:52.008	UPDATE	\N	174	UpdateProduct	\N
364	1	1	71	2025-10-12 15:28:51.722	SELL	0	174	Sellproduct	0
365	1	1	\N	2025-10-12 15:31:04.431	SELL	0	128	Sellproduct	0
366	1	1	72	2025-10-12 16:37:54.769	SELL	0	163	Sellproduct	0
367	5	1	\N	2025-10-12 17:32:07.156	UPDATE	\N	143	UpdateProduct	\N
368	1	1	\N	2025-10-12 17:32:26.424	SELL	0	143	Sellproduct	0
369	6	1	\N	2025-10-12 17:33:59.376	UPDATE	\N	14	UpdateProduct	\N
370	1	1	\N	2025-10-12 17:36:00.131	SELL	0	111	Sellproduct	45
371	1	1	\N	2025-10-12 18:07:24.712	SELL	1	72	Sellproduct	16
372	1	1	73	2025-10-12 18:32:00.962	SELL	0	150	Sellproduct	0
373	1	1	74	2025-10-13 11:44:08.763	SELL	0	143	Sellproduct	0
374	1	1	\N	2025-10-13 14:04:26.208	SELL	1	169	Sellproduct	10
375	5	1	\N	2025-10-13 16:15:54.89	UPDATE	\N	116	UpdateProduct	\N
376	1	1	\N	2025-10-13 16:16:28.269	SELL	0	116	Sellproduct	0
377	1	1	\N	2025-10-13 16:16:47.858	SELL	0	139	Sellproduct	0
378	2	1	\N	2025-10-13 16:17:34.948	UPDATE	\N	121	UpdateProduct	\N
379	1	1	\N	2025-10-13 16:17:52.157	SELL	0	121	Sellproduct	0
380	1	1	\N	2025-10-13 16:18:13.868	SELL	0	176	Sellproduct	0
381	1	1	75	2025-10-13 18:04:42.662	SELL	1	183	Sellproduct	16
382	1	1	\N	2025-10-14 10:18:36.383	SELL	0	164	Sellproduct	0
383	1	1	76	2025-10-14 12:16:18.248	SELL	0	10	Sellproduct	0
384	1	1	\N	2025-10-14 12:30:44.216	SELL	0	129	Sellproduct	0
385	1	1	\N	2025-10-14 13:55:42.99	SELL	0	128	Sellproduct	0
386	1	1	\N	2025-10-15 08:48:47.573	SELL	1	164	Sellproduct	0
387	1	1	\N	2025-10-15 10:40:09.956	SELL	1	177	Sellproduct	0
390	1	1	\N	2025-10-15 11:05:59.064	SELL	1	6	Sellproduct	8
391	1	1	\N	2025-10-15 11:58:46.109	SELL	1	47	Sellproduct	0
392	1	1	77	2025-10-15 12:00:06.78	SELL	0	169	Sellproduct	0
393	1	1	\N	2025-10-15 16:32:43.485	SELL	0	128	Sellproduct	7
394	1	1	\N	2025-10-15 17:23:09.215	SELL	1	186	Sellproduct	16
395	4	1	\N	2025-10-15 17:29:24.633	UPDATE	\N	138	UpdateProduct	\N
396	1	1	\N	2025-10-15 17:30:34.468	SELL	0	8	Sellproduct	0
397	1	1	78	2025-10-16 08:30:16.278	SELL	0	130	Sellproduct	13
398	1	1	79	2025-10-16 08:31:48.008	SELL	0	130	Sellproduct	13
399	1	1	\N	2025-10-16 11:22:54.179	SELL	0	163	Sellproduct	0
400	3	1	\N	2025-10-16 11:23:54.451	UPDATE	\N	16	UpdateProduct	\N
401	2	1	\N	2025-10-16 11:50:09.527	UPDATE	\N	118	UpdateProduct	\N
402	1	1	\N	2025-10-16 11:50:29.236	SELL	0	118	Sellproduct	0
403	1	1	\N	2025-10-16 13:53:53.719	SELL	1	171	Sellproduct	9
404	7	1	\N	2025-10-16 16:10:10.771	UPDATE	\N	168	UpdateProduct	\N
405	1	1	\N	2025-10-16 16:10:46.512	SELL	1	168	Sellproduct	22
406	1	1	\N	2025-10-16 16:37:12.013	SELL	0	130	Sellproduct	0
407	1	1	\N	2025-10-16 17:00:49.281	SELL	1	186	Sellproduct	25
408	1	1	\N	2025-10-16 17:16:45.557	SELL	0	172	Sellproduct	0
409	1	1	\N	2025-10-16 18:14:19.117	SELL	0	59	Sellproduct	0
410	4	1	\N	2025-10-18 09:14:42.947	UPDATE	\N	9	UpdateProduct	\N
411	3	1	\N	2025-10-18 09:18:13.154	UPDATE	\N	2	UpdateProduct	\N
412	3	1	\N	2025-10-18 09:23:20.445	UPDATE	\N	5	UpdateProduct	\N
413	1	1	\N	2025-10-18 09:25:30.804	UPDATE	\N	7	UpdateProduct	\N
414	2	1	\N	2025-10-18 09:31:58.278	UPDATE	\N	4	UpdateProduct	\N
415	3	1	\N	2025-10-18 09:37:07.691	UPDATE	\N	9	UpdateProduct	\N
416	2	1	\N	2025-10-18 09:40:35.472	UPDATE	\N	1	UpdateProduct	\N
417	2	1	\N	2025-10-18 09:40:59.602	UPDATE	\N	6	UpdateProduct	\N
418	3	1	\N	2025-10-18 10:14:31.574	UPDATE	\N	26	UpdateProduct	\N
419	2	1	\N	2025-10-18 10:32:26.423	UPDATE	\N	19	UpdateProduct	\N
420	3	1	\N	2025-10-18 10:32:54.265	UPDATE	\N	21	UpdateProduct	\N
421	3	1	\N	2025-10-18 10:36:33.432	UPDATE	\N	25	UpdateProduct	\N
422	3	1	\N	2025-10-18 10:44:40.962	UPDATE	\N	20	UpdateProduct	\N
423	1	1	\N	2025-10-18 10:45:55.72	UPDATE	\N	22	UpdateProduct	\N
424	3	1	\N	2025-10-18 11:45:23.363	ADD	\N	187	Createproduct	\N
425	4	1	\N	2025-10-18 11:48:56.089	UPDATE	\N	180	UpdateProduct	\N
426	8	1	\N	2025-10-18 11:58:23.498	UPDATE	\N	180	UpdateProduct	\N
427	3	1	\N	2025-10-18 12:04:16.107	UPDATE	\N	168	UpdateProduct	\N
428	1	1	\N	2025-10-18 13:01:34.497	UPDATE	\N	10	UpdateProduct	\N
429	1	1	\N	2025-10-18 13:12:40.08	UPDATE	\N	74	UpdateProduct	\N
430	3	1	\N	2025-10-18 13:13:00.446	UPDATE	\N	77	UpdateProduct	\N
431	3	1	\N	2025-10-18 13:13:45.369	UPDATE	\N	80	UpdateProduct	\N
432	1	1	\N	2025-10-18 13:21:19.353	UPDATE	\N	48	UpdateProduct	\N
433	3	1	\N	2025-10-18 13:23:06.429	UPDATE	\N	50	UpdateProduct	\N
434	2	1	\N	2025-10-18 13:25:43.385	UPDATE	\N	170	UpdateProduct	\N
435	7	1	\N	2025-10-18 13:32:37.703	UPDATE	\N	170	UpdateProduct	\N
436	4	1	\N	2025-10-18 13:53:54.815	UPDATE	\N	131	UpdateProduct	\N
437	5	1	\N	2025-10-18 13:55:39.708	UPDATE	\N	133	UpdateProduct	\N
438	6	1	\N	2025-10-18 14:04:55.992	UPDATE	\N	133	UpdateProduct	\N
439	2	1	\N	2025-10-18 14:06:36.91	UPDATE	\N	135	UpdateProduct	\N
440	1	1	80	2025-10-18 14:13:36.595	SELL	1	1	Sellproduct	16
441	2	1	\N	2025-10-18 14:32:23.203	UPDATE	\N	48	UpdateProduct	\N
442	3	1	\N	2025-10-18 14:43:19.192	ADD	\N	188	Createproduct	\N
444	1	1	\N	2025-10-18 14:46:14.056	UPDATE	\N	100	UpdateProduct	\N
445	2	1	\N	2025-10-18 14:47:57.483	UPDATE	\N	96	UpdateProduct	\N
446	1	1	\N	2025-10-18 14:50:07.839	UPDATE	\N	97	UpdateProduct	\N
447	1	1	\N	2025-10-18 14:58:52.544	UPDATE	\N	71	UpdateProduct	\N
448	1	1	\N	2025-10-18 14:59:13.899	UPDATE	\N	72	UpdateProduct	\N
449	1	1	\N	2025-10-18 15:05:50.907	SELL	0	135	Sellproduct	0
450	16	1	\N	2025-10-18 15:18:42.694	UPDATE	\N	159	UpdateProduct	\N
451	17	1	\N	2025-10-18 15:19:14.956	UPDATE	\N	164	UpdateProduct	\N
452	4	1	\N	2025-10-18 15:22:05.021	UPDATE	\N	150	UpdateProduct	\N
453	2	1	\N	2025-10-18 15:22:31.001	UPDATE	\N	153	UpdateProduct	\N
454	2	1	\N	2025-10-18 15:28:36.957	DELETE	\N	\N	DeleteProduct	\N
455	2	1	\N	2025-10-18 15:28:47.173	UPDATE	\N	154	UpdateProduct	\N
456	8	1	\N	2025-10-18 15:57:10.945	UPDATE	\N	170	UpdateProduct	\N
457	4	1	\N	2025-10-18 15:57:30.665	UPDATE	\N	5	UpdateProduct	\N
458	2	1	\N	2025-10-18 15:57:52.518	UPDATE	\N	22	UpdateProduct	\N
459	6	1	\N	2025-10-18 16:00:01.213	UPDATE	\N	155	UpdateProduct	\N
460	1	1	\N	2025-10-18 16:26:54.051	UPDATE	\N	63	UpdateProduct	\N
461	2	1	\N	2025-10-18 16:44:03.38	UPDATE	\N	62	UpdateProduct	\N
462	2	1	\N	2025-10-18 16:45:45.892	UPDATE	\N	64	UpdateProduct	\N
463	1	1	\N	2025-10-18 16:46:21.232	UPDATE	\N	65	UpdateProduct	\N
464	1	1	\N	2025-10-19 08:21:01.46	SELL	0	9	Sellproduct	25
465	14	1	\N	2025-10-19 09:21:49.22	UPDATE	\N	171	UpdateProduct	\N
466	3	1	\N	2025-10-19 09:26:14.432	UPDATE	\N	104	UpdateProduct	\N
467	1	1	\N	2025-10-19 09:33:02.332	UPDATE	\N	112	UpdateProduct	\N
468	1	1	\N	2025-10-19 09:34:24.061	UPDATE	\N	111	UpdateProduct	\N
469	2	1	\N	2025-10-19 09:34:48.317	UPDATE	\N	113	UpdateProduct	\N
470	4	1	\N	2025-10-19 09:36:09.863	UPDATE	\N	114	UpdateProduct	\N
471	3	1	\N	2025-10-19 09:51:13.543	UPDATE	\N	159	UpdateProduct	\N
472	15	1	\N	2025-10-19 09:52:54.314	UPDATE	\N	176	UpdateProduct	\N
473	8	1	\N	2025-10-19 09:53:45.297	UPDATE	\N	166	UpdateProduct	\N
474	13	1	\N	2025-10-19 09:54:53.114	UPDATE	\N	168	UpdateProduct	\N
475	1	1	\N	2025-10-19 09:57:20.699	SELL	0	50	Sellproduct	0
476	3	1	\N	2025-10-19 10:17:18.226	UPDATE	\N	128	UpdateProduct	\N
477	1	1	\N	2025-10-19 10:17:33.614	SELL	0	128	Sellproduct	0
478	1	1	\N	2025-10-19 11:38:26.341	SELL	1	6	Sellproduct	0
479	0	1	\N	2025-10-19 12:01:49.539	UPDATE	\N	185	UpdateProduct	\N
480	2	1	\N	2025-10-19 12:03:16.126	ADD	\N	190	Createproduct	\N
481	3	1	\N	2025-10-19 12:04:00.386	ADD	\N	191	Createproduct	\N
483	4	1	\N	2025-10-19 12:05:31.203	ADD	\N	193	Createproduct	\N
484	1	1	\N	2025-10-19 12:10:58.769	UPDATE	\N	144	UpdateProduct	\N
485	2	1	\N	2025-10-19 12:12:14.402	UPDATE	\N	144	UpdateProduct	\N
486	1	1	\N	2025-10-19 12:12:41.148	UPDATE	\N	141	UpdateProduct	\N
487	1	1	\N	2025-10-19 12:18:59.382	UPDATE	\N	11	UpdateProduct	\N
488	4	1	\N	2025-10-19 12:23:20.393	UPDATE	\N	13	UpdateProduct	\N
489	1	1	\N	2025-10-19 12:26:52.223	SELL	0	56	Sellproduct	17
490	3	1	\N	2025-10-19 12:34:40.092	UPDATE	\N	14	UpdateProduct	\N
491	1	1	\N	2025-10-19 12:44:31.668	UPDATE	\N	37	UpdateProduct	\N
492	1	1	\N	2025-10-19 12:44:56.549	UPDATE	\N	11	UpdateProduct	\N
493	1	1	\N	2025-10-19 12:45:35.922	UPDATE	\N	12	UpdateProduct	\N
494	1	1	\N	2025-10-19 12:45:58.361	UPDATE	\N	37	UpdateProduct	\N
495	1	1	\N	2025-10-19 12:46:18.781	UPDATE	\N	11	UpdateProduct	\N
496	3	1	\N	2025-10-19 12:46:35.62	UPDATE	\N	14	UpdateProduct	\N
497	1	1	\N	2025-10-19 12:58:58.478	SELL	0	100	Sellproduct	0
498	2	1	\N	2025-10-19 13:26:00.85	DELETE	\N	\N	DeleteProduct	\N
499	2	1	\N	2025-10-19 13:26:52.56	UPDATE	\N	98	UpdateProduct	\N
500	1	1	\N	2025-10-19 13:27:48.034	UPDATE	\N	99	UpdateProduct	\N
501	1	1	\N	2025-10-19 13:31:32.253	UPDATE	\N	98	UpdateProduct	\N
502	2	1	\N	2025-10-19 13:34:41.851	UPDATE	\N	85	UpdateProduct	\N
503	0	1	\N	2025-10-19 13:35:07.184	UPDATE	\N	86	UpdateProduct	\N
504	1	1	\N	2025-10-19 13:35:33.507	UPDATE	\N	84	UpdateProduct	\N
505	1	1	\N	2025-10-19 13:40:09.723	UPDATE	\N	126	UpdateProduct	\N
506	4	1	\N	2025-10-19 13:50:09.501	UPDATE	\N	92	UpdateProduct	\N
507	4	1	\N	2025-10-19 13:50:18.063	DELETE	\N	\N	DeleteProduct	\N
508	4	1	\N	2025-10-19 13:50:27.421	UPDATE	\N	92	UpdateProduct	\N
509	2	1	\N	2025-10-19 13:51:45.117	DELETE	\N	\N	DeleteProduct	\N
510	0	1	\N	2025-10-19 13:52:28.032	UPDATE	\N	185	UpdateProduct	\N
511	3	1	\N	2025-10-19 13:53:03.763	DELETE	\N	\N	DeleteProduct	\N
512	3	1	\N	2025-10-19 13:53:13.27	UPDATE	\N	191	UpdateProduct	\N
513	3	1	\N	2025-10-19 13:54:00.213	DELETE	\N	\N	DeleteProduct	\N
514	3	1	\N	2025-10-19 13:55:00.324	DELETE	\N	\N	DeleteProduct	\N
515	2	1	\N	2025-10-19 14:01:16.119	UPDATE	\N	11	UpdateProduct	\N
516	1	1	\N	2025-10-19 14:02:17.765	UPDATE	\N	13	UpdateProduct	\N
517	5	1	\N	2025-10-19 14:03:41.745	UPDATE	\N	169	UpdateProduct	\N
518	2	1	\N	2025-10-19 14:09:56.006	UPDATE	\N	168	UpdateProduct	\N
519	1	1	\N	2025-10-19 14:11:20.778	SELL	0	168	Sellproduct	8
520	3	1	\N	2025-10-19 14:13:04.641	UPDATE	\N	186	UpdateProduct	\N
521	1	1	\N	2025-10-19 14:56:57.55	SELL	0	4	Sellproduct	16
522	1	1	\N	2025-10-19 15:27:22.189	SELL	0	6	Sellproduct	0
523	2	1	\N	2025-10-19 17:33:01.876	UPDATE	\N	160	UpdateProduct	\N
524	3	1	\N	2025-10-19 17:33:36.346	UPDATE	\N	161	UpdateProduct	\N
525	1	1	\N	2025-10-19 17:34:58.293	UPDATE	\N	158	UpdateProduct	\N
526	1	1	\N	2025-10-19 17:35:27.699	UPDATE	\N	162	UpdateProduct	\N
527	1	1	\N	2025-10-19 17:43:49.542	SELL	0	175	Sellproduct	0
528	4	1	\N	2025-10-19 17:46:37.368	UPDATE	\N	53	UpdateProduct	\N
529	5	1	\N	2025-10-19 17:47:39.52	UPDATE	\N	54	UpdateProduct	\N
530	4	1	\N	2025-10-19 17:48:15.331	UPDATE	\N	55	UpdateProduct	\N
531	6	1	\N	2025-10-19 17:48:50.093	UPDATE	\N	57	UpdateProduct	\N
532	5	1	\N	2025-10-19 17:49:23.19	UPDATE	\N	58	UpdateProduct	\N
533	6	1	\N	2025-10-19 17:49:53.897	UPDATE	\N	60	UpdateProduct	\N
534	4	1	\N	2025-10-19 17:50:37.183	UPDATE	\N	52	UpdateProduct	\N
535	4	1	\N	2025-10-19 17:52:21.364	UPDATE	\N	56	UpdateProduct	\N
536	1	1	\N	2025-10-19 17:54:59.788	UPDATE	\N	139	UpdateProduct	\N
537	15	1	\N	2025-10-19 17:58:31.687	UPDATE	\N	163	UpdateProduct	\N
538	10	1	\N	2025-10-19 17:59:07.406	UPDATE	\N	176	UpdateProduct	\N
539	1	1	\N	2025-10-20 17:45:55.339	SELL	1	1	Sellproduct	0
540	1	1	\N	2025-10-20 17:57:19.161	SELL	1	171	Sellproduct	13
541	1	1	\N	2025-10-21 11:01:44.92	SELL	1	44	Sellproduct	9
542	1	1	\N	2025-10-21 12:08:49.057	SELL	1	139	Sellproduct	21
543	1	1	\N	2025-10-21 13:54:42.096	SELL	0	134	Sellproduct	9
\.


--
-- Name: consumer_id_seq; Type: SEQUENCE SET; Schema: public; Owner: admin
--

SELECT pg_catalog.setval('public.consumer_id_seq', 80, true);


--
-- Name: login_id_seq; Type: SEQUENCE SET; Schema: public; Owner: admin
--

SELECT pg_catalog.setval('public.login_id_seq', 1, true);


--
-- Name: product_id_seq; Type: SEQUENCE SET; Schema: public; Owner: admin
--

SELECT pg_catalog.setval('public.product_id_seq', 193, true);


--
-- Name: transaction_log_id_seq; Type: SEQUENCE SET; Schema: public; Owner: admin
--

SELECT pg_catalog.setval('public.transaction_log_id_seq', 543, true);


--
-- Name: consumer consumer_pkey; Type: CONSTRAINT; Schema: public; Owner: admin
--

ALTER TABLE ONLY public.consumer
    ADD CONSTRAINT consumer_pkey PRIMARY KEY (id);


--
-- Name: login login_pkey; Type: CONSTRAINT; Schema: public; Owner: admin
--

ALTER TABLE ONLY public.login
    ADD CONSTRAINT login_pkey PRIMARY KEY (id);


--
-- Name: product product_pkey; Type: CONSTRAINT; Schema: public; Owner: admin
--

ALTER TABLE ONLY public.product
    ADD CONSTRAINT product_pkey PRIMARY KEY (id);


--
-- Name: transaction_log transaction_log_pkey; Type: CONSTRAINT; Schema: public; Owner: admin
--

ALTER TABLE ONLY public.transaction_log
    ADD CONSTRAINT transaction_log_pkey PRIMARY KEY (id);


--
-- Name: transaction_log fk9e5aw344sbif3mduruenkik33; Type: FK CONSTRAINT; Schema: public; Owner: admin
--

ALTER TABLE ONLY public.transaction_log
    ADD CONSTRAINT fk9e5aw344sbif3mduruenkik33 FOREIGN KEY (consumer_id) REFERENCES public.consumer(id);


--
-- Name: transaction_log fkmr2gbw68enovs0dm81c532s9; Type: FK CONSTRAINT; Schema: public; Owner: admin
--

ALTER TABLE ONLY public.transaction_log
    ADD CONSTRAINT fkmr2gbw68enovs0dm81c532s9 FOREIGN KEY (product_id) REFERENCES public.product(id);


--
-- PostgreSQL database dump complete
--

\unrestrict NtP6EtIY7UkdmL9rsG5j6veQta4H9PoQgXzDbOK7keJorR9b2aC9CohbCf5D50T

